{
    "$schema": https://schema.management.azure.com/schemas/2015-01-01/deploymentTemplate.json#,
    "contentVersion": "1.0.0.0",
    "parameters": {
        "storageAccountName": {
            "type": "string"
        },
        "location": {
            "type": "string"
        }
    },
    "resources": [
        {
            "name": "[parameters('storageAccountName')]",
            "type": "Microsoft.Storage/storageAccounts",
            "apiVersion": "2018-07-01",
            "location": "[parameters('location')]",
            "resources": [
                {
                    "name": "default/images",
                    "type": "blobServices/containers",
                    "apiVersion": "2018-07-01",
                    "dependsOn": [
                        "[parameters('storageAccountName')]"
                    ]
                },
                {
                    "name": "default/backups",
                    "type": "blobServices/containers",
                    "apiVersion": "2018-07-01",
                    "dependsOn": [
                        "[parameters('storageAccountName')]"
                    ]
                }
            ]
        }
    ]
}
